Workbook

Sheet Datos_Crudos
A1: REGISTRO DE FALLAS - ROBOTS DE ENSAMBLAJE INDUSTRIAL | Planta Mecatrónica EAN 2024
A2: ID_Falla | B2: Fecha | C2: Robot_ID | D2: Tipo_Falla | E2: Componente | F2: Tiempo_Paro_hrs | G2: Costo_Reparacion_USD | H2: Operario | I2: Turno | J2: Estado
A3: F-0001 | B3: 2024-01-21 | C3: ROB-005 | D3: Eléctrica | E3: Motor principal | F3: 12.1 | G3: 557.22 | H3: Carlos M. | I3: Noche | J3: Pendiente
A4: F-0002 | B4: 2024-01-03 | C4: ROB-001 | D4: Sensor | E4: Cilindro hidráulico | F4: 1.9 | G4: 827.74 | H4: Diana F. | I4: Noche | J4: Resuelto
A5: F-0003 | B5: 2024-02-18 | C5: ROB-007 | D5: Mecánica | E5: Panel HMI | F5: 11 | G5: 2095.29 | H5: Carlos M. | I5: Mañana | J5: En proceso
A6: F-0004 | B6: 2024-02-11 | C6: ROB-004 | D6: Neumática | E6: PLC | F6: 46 | G6: 1231.15 | H6: Carlos M. | I6: Tarde | J6: Resuelto
A7: F-0005 | B7: 2024-03-12 | C7: ROB-005 | D7: Neumática | E7: Reductor planetario | F7: 38.8 | G7: 2575.68 | H7: Diana F. | I7: Mañana | J7: En proceso
A8: F-0006 | B8: 2024-03-03 | C8: ROB-006 | D8: Sensor | E8: Válvula solenoide | F8: 27.9 | G8: 2489.64 | H8: Carlos M. | I8: Noche | J8: Resuelto
A9: F-0007 | B9: 2024-04-25 | C9: ROB-004 | D9: Neumática | E9: Actuador lineal | F9: 41.7 | G9: 1380.03 | H9: Pedro G. | I9: Noche | J9: Resuelto
A10: F-0008 | B10: 2024-04-06 | C10: ROB-004 | D10: Neumática | E10: Encoder rotativo | F10: 32.3 | G10: 2480.23 | H10: Miguel A. | I10: Noche | J10: Resuelto
A11: F-0009 | B11: 2024-05-20 | C11: ROB-004 | D11: Hidráulica | E11: PLC | F11: 8.3 | G11: 1377.74 | H11: Miguel A. | I11: Noche | J11: Pendiente
A12: F-0010 | B12: 2024-05-08 | C12: ROB-001 | D12: Hidráulica | E12: Encoder rotativo | F12: 11.4 | G12: 189.78 | H12: Luisa R. | I12: Tarde | J12: Resuelto
A13: F-0011 | B13: 2024-06-03 | C13: ROB-006 | D13: Mecánica | E13: Reductor planetario | F13: 10.6 | G13: 1787.37 | H13: Miguel A. | I13: Tarde | J13: Resuelto
A14: F-0012 | B14: 2024-06-09 | C14: ROB-005 | D14: Mecánica | E14: Sensor posición | F14: 36 | G14: 1545.24 | H14: Diana F. | I14: Tarde | J14: Resuelto
... A62: F-0060 | B62: 2024-06-21 | C62: ROB-002 | D62: Hidráulica | E62: Motor principal | F62: 37.5 | G62: 828.44 | H62: Miguel A. | I62: Noche | J62: En proceso

Sheet Datos_Limpios
A1: DATOS LIMPIOS Y ENRIQUECIDOS CON IA | Análisis de Fallas Mecatrónicas
A2: ID_Falla | B2: Fecha | C2: Robot_ID | D2: Tipo_Falla | E2: Componente | F2: Tiempo_Paro_hrs | G2: Costo_USD | H2: Turno | I2: Estado | J2: Mes | K2: Semestre | L2: Criticidad
A3: =Datos_Crudos!A3 -> F-0001 | B3: =Datos_Crudos!B3 -> 2024-01-21 | C3: =Datos_Crudos!C3 -> ROB-005 | D3: =Datos_Crudos!D3 -> Eléctrica | E3: =Datos_Crudos!E3 -> Motor principal | F3: =Datos_Crudos!F3 -> 12.1 | G3: =Datos_Crudos!G3 -> 557.22 | H3: =Datos_Crudos!H3 -> Carlos M. | I3: =Datos_Crudos!I3 -> Noche | J3: =TEXT(DATEVALUE(Datos_Crudos!B3),"MMM-YYYY") -> Jan-2024 | K3: =IF(MONTH(DATEVALUE(Datos_Crudos!B3))<=6,"S1-2024","S2-2024") -> S1-2024 | L3: =IF(AND(Datos_Crudos!F3>20,Datos_Crudos!G3>2000),"CRÍTICA",IF(AND(Datos_Crudos!F3>10,Datos_Crudos!G3>1000),"ALTA",IF(Datos_Crudos!F3>5,"MEDIA","BAJA"))) -> MEDIA
A4: =Datos_Crudos!A4 -> F-0002 | B4: =Datos_Crudos!B4 -> 2024-01-03 | C4: =Datos_Crudos!C4 -> ROB-001 | D4: =Datos_Crudos!D4 -> Sensor | E4: =Datos_Crudos!E4 -> Cilindro hidráulico | F4: =Datos_Crudos!F4 -> 1.9 | G4: =Datos_Crudos!G4 -> 827.74 | H4: =Datos_Crudos!H4 -> Diana F. | I4: =Datos_Crudos!I4 -> Noche | J4: =TEXT(DATEVALUE(Datos_Crudos!B4),"MMM-YYYY") -> Jan-2024 | K4: =IF(MONTH(DATEVALUE(Datos_Crudos!B4))<=6,"S1-2024","S2-2024") -> S1-2024 | L4: =IF(AND(Datos_Crudos!F4>20,Datos_Crudos!G4>2000),"CRÍTICA",IF(AND(Datos_Crudos!F4>10,Datos_Crudos!G4>1000),"ALTA",IF(Datos_Crudos!F4>5,"MEDIA","BAJA"))) -> BAJA
A5: =Datos_Crudos!A5 -> F-0003 | B5: =Datos_Crudos!B5 -> 2024-02-18 | C5: =Datos_Crudos!C5 -> ROB-007 | D5: =Datos_Crudos!D5 -> Mecánica | E5: =Datos_Crudos!E5 -> Panel HMI | F5: =Datos_Crudos!F5 -> 11 | G5: =Datos_Crudos!G5 -> 2095.29 | H5: =Datos_Crudos!H5 -> Carlos M. | I5: =Datos_Crudos!I5 -> Mañana | J5: =TEXT(DATEVALUE(Datos_Crudos!B5),"MMM-YYYY") -> Feb-2024 | K5: =IF(MONTH(DATEVALUE(Datos_Crudos!B5))<=6,"S1-2024","S2-2024") -> S1-2024 | L5: =IF(AND(Datos_Crudos!F5>20,Datos_Crudos!G5>2000),"CRÍTICA",IF(AND(Datos_Crudos!F5>10,Datos_Crudos!G5>1000),"ALTA",IF(Datos_Crudos!F5>5,"MEDIA","BAJA"))) -> ALTA
A6: =Datos_Crudos!A6 -> F-0004 | B6: =Datos_Crudos!B6 -> 2024-02-11 | C6: =Datos_Crudos!C6 -> ROB-004 | D6: =Datos_Crudos!D6 -> Neumática | E6: =Datos_Crudos!E6 -> PLC | F6: =Datos_Crudos!F6 -> 46 | G6: =Datos_Crudos!G6 -> 1231.15 | H6: =Datos_Crudos!H6 -> Carlos M. | I6: =Datos_Crudos!I6 -> Tarde | J6: =TEXT(DATEVALUE(Datos_Crudos!B6),"MMM-YYYY") -> Feb-2024 | K6: =IF(MONTH(DATEVALUE(Datos_Crudos!B6))<=6,"S1-2024","S2-2024") -> S1-2024 | L6: =IF(AND(Datos_Crudos!F6>20,Datos_Crudos!G6>2000),"CRÍTICA",IF(AND(Datos_Crudos!F6>10,Datos_Crudos!G6>1000),"ALTA",IF(Datos_Crudos!F6>5,"MEDIA","BAJA"))) -> ALTA
A7: =Datos_Crudos!A7 -> F-0005 | B7: =Datos_Crudos!B7 -> 2024-03-12 | C7: =Datos_Crudos!C7 -> ROB-005 | D7: =Datos_Crudos!D7 -> Neumática | E7: =Datos_Crudos!E7 -> Reductor planetario | F7: =Datos_Crudos!F7 -> 38.8 | G7: =Datos_Crudos!G7 -> 2575.68 | H7: =Datos_Crudos!H7 -> Diana F. | I7: =Datos_Crudos!I7 -> Mañana | J7: =TEXT(DATEVALUE(Datos_Crudos!B7),"MMM-YYYY") -> Mar-2024 | K7: =IF(MONTH(DATEVALUE(Datos_Crudos!B7))<=6,"S1-2024","S2-2024") -> S1-2024 | L7: =IF(AND(Datos_Crudos!F7>20,Datos_Crudos!G7>2000),"CRÍTICA",IF(AND(Datos_Crudos!F7>10,Datos_Crudos!G7>1000),"ALTA",IF(Datos_Crudos!F7>5,"MEDIA","BAJA"))) -> CRÍTICA
A8: =Datos_Crudos!A8 -> F-0006 | B8: =Datos_Crudos!B8 -> 2024-03-03 | C8: =Datos_Crudos!C8 -> ROB-006 | D8: =Datos_Crudos!D8 -> Sensor | E8: =Datos_Crudos!E8 -> Válvula solenoide | F8: =Datos_Crudos!F8 -> 27.9 | G8: =Datos_Crudos!G8 -> 2489.64 | H8: =Datos_Crudos!H8 -> Carlos M. | I8: =Datos_Crudos!I8 -> Noche | J8: =TEXT(DATEVALUE(Datos_Crudos!B8),"MMM-YYYY") -> Mar-2024 | K8: =IF(MONTH(DATEVALUE(Datos_Crudos!B8))<=6,"S1-2024","S2-2024") -> S1-2024 | L8: =IF(AND(Datos_Crudos!F8>20,Datos_Crudos!G8>2000),"CRÍTICA",IF(AND(Datos_Crudos!F8>10,Datos_Crudos!G8>1000),"ALTA",IF(Datos_Crudos!F8>5,"MEDIA","BAJA"))) -> CRÍTICA
A9: =Datos_Crudos!A9 -> F-0007 | B9: =Datos_Crudos!B9 -> 2024-04-25 | C9: =Datos_Crudos!C9 -> ROB-004 | D9: =Datos_Crudos!D9 -> Neumática | E9: =Datos_Crudos!E9 -> Actuador lineal | F9: =Datos_Crudos!F9 -> 41.7 | G9: =Datos_Crudos!G9 -> 1380.03 | H9: =Datos_Crudos!H9 -> Pedro G. | I9: =Datos_Crudos!I9 -> Noche | J9: =TEXT(DATEVALUE(Datos_Crudos!B9),"MMM-YYYY") -> Apr-2024 | K9: =IF(MONTH(DATEVALUE(Datos_Crudos!B9))<=6,"S1-2024","S2-2024") -> S1-2024 | L9: =IF(AND(Datos_Crudos!F9>20,Datos_Crudos!G9>2000),"CRÍTICA",IF(AND(Datos_Crudos!F9>10,Datos_Crudos!G9>1000),"ALTA",IF(Datos_Crudos!F9>5,"MEDIA","BAJA"))) -> ALTA
A10: =Datos_Crudos!A10 -> F-0008 | B10: =Datos_Crudos!B10 -> 2024-04-06 | C10: =Datos_Crudos!C10 -> ROB-004 | D10: =Datos_Crudos!D10 -> Neumática | E10: =Datos_Crudos!E10 -> Encoder rotativo | F10: =Datos_Crudos!F10 -> 32.3 | G10: =Datos_Crudos!G10 -> 2480.23 | H10: =Datos_Crudos!H10 -> Miguel A. | I10: =Datos_Crudos!I10 -> Noche | J10: =TEXT(DATEVALUE(Datos_Crudos!B10),"MMM-YYYY") -> Apr-2024 | K10: =IF(MONTH(DATEVALUE(Datos_Crudos!B10))<=6,"S1-2024","S2-2024") -> S1-2024 | L10: =IF(AND(Datos_Crudos!F10>20,Datos_Crudos!G10>2000),"CRÍTICA",IF(AND(Datos_Crudos!F10>10,Datos_Crudos!G10>1000),"ALTA",IF(Datos_Crudos!F10>5,"MEDIA","BAJA"))) -> CRÍTICA
A11: =Datos_Crudos!A11 -> F-0009 | B11: =Datos_Crudos!B11 -> 2024-05-20 | C11: =Datos_Crudos!C11 -> ROB-004 | D11: =Datos_Crudos!D11 -> Hidráulica | E11: =Datos_Crudos!E11 -> PLC | F11: =Datos_Crudos!F11 -> 8.3 | G11: =Datos_Crudos!G11 -> 1377.74 | H11: =Datos_Crudos!H11 -> Miguel A. | I11: =Datos_Crudos!I11 -> Noche | J11: =TEXT(DATEVALUE(Datos_Crudos!B11),"MMM-YYYY") -> May-2024 | K11: =IF(MONTH(DATEVALUE(Datos_Crudos!B11))<=6,"S1-2024","S2-2024") -> S1-2024 | L11: =IF(AND(Datos_Crudos!F11>20,Datos_Crudos!G11>2000),"CRÍTICA",IF(AND(Datos_Crudos!F11>10,Datos_Crudos!G11>1000),"ALTA",IF(Datos_Crudos!F11>5,"MEDIA","BAJA"))) -> MEDIA
A12: =Datos_Crudos!A12 -> F-0010 | B12: =Datos_Crudos!B12 -> 2024-05-08 | C12: =Datos_Crudos!C12 -> ROB-001 | D12: =Datos_Crudos!D12 -> Hidráulica | E12: =Datos_Crudos!E12 -> Encoder rotativo | F12: =Datos_Crudos!F12 -> 11.4 | G12: =Datos_Crudos!G12 -> 189.78 | H12: =Datos_Crudos!H12 -> Luisa R. | I12: =Datos_Crudos!I12 -> Tarde | J12: =TEXT(DATEVALUE(Datos_Crudos!B12),"MMM-YYYY") -> May-2024 | K12: =IF(MONTH(DATEVALUE(Datos_Crudos!B12))<=6,"S1-2024","S2-2024") -> S1-2024 | L12: =IF(AND(Datos_Crudos!F12>20,Datos_Crudos!G12>2000),"CRÍTICA",IF(AND(Datos_Crudos!F12>10,Datos_Crudos!G12>1000),"ALTA",IF(Datos_Crudos!F12>5,"MEDIA","BAJA"))) -> MEDIA
A13: =Datos_Crudos!A13 -> F-0011 | B13: =Datos_Crudos!B13 -> 2024-06-03 | C13: =Datos_Crudos!C13 -> ROB-006 | D13: =Datos_Crudos!D13 -> Mecánica | E13: =Datos_Crudos!E13 -> Reductor planetario | F13: =Datos_Crudos!F13 -> 10.6 | G13: =Datos_Crudos!G13 -> 1787.37 | H13: =Datos_Crudos!H13 -> Miguel A. | I13: =Datos_Crudos!I13 -> Tarde | J13: =TEXT(DATEVALUE(Datos_Crudos!B13),"MMM-YYYY") -> Jun-2024 | K13: =IF(MONTH(DATEVALUE(Datos_Crudos!B13))<=6,"S1-2024","S2-2024") -> S1-2024 | L13: =IF(AND(Datos_Crudos!F13>20,Datos_Crudos!G13>2000),"CRÍTICA",IF(AND(Datos_Crudos!F13>10,Datos_Crudos!G13>1000),"ALTA",IF(Datos_Crudos!F13>5,"MEDIA","BAJA"))) -> ALTA
A14: =Datos_Crudos!A14 -> F-0012 | B14: =Datos_Crudos!B14 -> 2024-06-09 | C14: =Datos_Crudos!C14 -> ROB-005 | D14: =Datos_Crudos!D14 -> Mecánica | E14: =Datos_Crudos!E14 -> Sensor posición | F14: =Datos_Crudos!F14 -> 36 | G14: =Datos_Crudos!G14 -> 1545.24 | H14: =Datos_Crudos!H14 -> Diana F. | I14: =Datos_Crudos!I14 -> Tarde | J14: =TEXT(DATEVALUE(Datos_Crudos!B14),"MMM-YYYY") -> Jun-2024 | K14: =IF(MONTH(DATEVALUE(Datos_Crudos!B14))<=6,"S1-2024","S2-2024") -> S1-2024 | L14: =IF(AND(Datos_Crudos!F14>20,Datos_Crudos!G14>2000),"CRÍTICA",IF(AND(Datos_Crudos!F14>10,Datos_Crudos!G14>1000),"ALTA",IF(Datos_Crudos!F14>5,"MEDIA","BAJA"))) -> ALTA
... A62: =Datos_Crudos!A62 -> F-0060 | B62: =Datos_Crudos!B62 -> 2024-06-21 | C62: =Datos_Crudos!C62 -> ROB-002 | D62: =Datos_Crudos!D62 -> Hidráulica | E62: =Datos_Crudos!E62 -> Motor principal | F62: =Datos_Crudos!F62 -> 37.5 | G62: =Datos_Crudos!G62 -> 828.44 | H62: =Datos_Crudos!H62 -> Miguel A. | I62: =Datos_Crudos!I62 -> Noche | J62: =TEXT(DATEVALUE(Datos_Crudos!B62),"MMM-YYYY") -> Jun-2024 | K62: =IF(MONTH(DATEVALUE(Datos_Crudos!B62))<=6,"S1-2024","S2-2024") -> S1-2024 | L62: =IF(AND(Datos_Crudos!F62>20,Datos_Crudos!G62>2000),"CRÍTICA",IF(AND(Datos_Crudos!F62>10,Datos_Crudos!G62>1000),"ALTA",IF(Datos_Crudos!F62>5,"MEDIA","BAJA"))) -> MEDIA

Sheet Análisis
A1: ANÁLISIS ESTADÍSTICO | Robots de Ensamblaje Industrial
A3: FALLAS POR TIPO | E3: KPIs GLOBALES | H3: FALLAS POR ROBOT
A4: Tipo de Falla | B4: N° Fallas | C4: % del Total | E4: Total Fallas Registradas | F4: =COUNTA(Datos_Limpios!A3:A62) -> 60 | H4: Robot | I4: N° Fallas | J4: Costo Total
A5: Eléctrica | B5: =COUNTIF(Datos_Limpios!D3:D62,A5) -> 8 | C5: =B5/SUM($B$5:$B$10) -> 0.13333333 | E5: Costo Total Reparaciones | F5: =SUM(Datos_Limpios!G3:G62) -> 111207.81 | H5: ROB-001 | I5: =COUNTIF(Datos_Limpios!C3:C62,H5) -> 8 | J5: =SUMIF(Datos_Limpios!C3:C62,H5,Datos_Limpios!G3:G62) -> 13237.39
A6: Mecánica | B6: =COUNTIF(Datos_Limpios!D3:D62,A6) -> 12 | C6: =B6/SUM($B$5:$B$10) -> 0.2 | E6: Costo Promedio por Falla | F6: =AVERAGE(Datos_Limpios!G3:G62) -> 1853.4635 | H6: ROB-002 | I6: =COUNTIF(Datos_Limpios!C3:C62,H6) -> 10 | J6: =SUMIF(Datos_Limpios!C3:C62,H6,Datos_Limpios!G3:G62) -> 19941.04
A7: Neumática | B7: =COUNTIF(Datos_Limpios!D3:D62,A7) -> 11 | C7: =B7/SUM($B$5:$B$10) -> 0.18333333 | E7: Tiempo Paro Total (hrs) | F7: =SUM(Datos_Limpios!F3:F62) -> 1483.6 | H7: ROB-003 | I7: =COUNTIF(Datos_Limpios!C3:C62,H7) -> 6 | J7: =SUMIF(Datos_Limpios!C3:C62,H7,Datos_Limpios!G3:G62) -> 10489.22
A8: Software | B8: =COUNTIF(Datos_Limpios!D3:D62,A8) -> 7 | C8: =B8/SUM($B$5:$B$10) -> 0.11666667 | E8: Tiempo Paro Promedio (hrs) | F8: =AVERAGE(Datos_Limpios!F3:F62) -> 24.726667 | H8: ROB-004 | I8: =COUNTIF(Datos_Limpios!C3:C62,H8) -> 14 | J8: =SUMIF(Datos_Limpios!C3:C62,H8,Datos_Limpios!G3:G62) -> 20120.98
A9: Sensor | B9: =COUNTIF(Datos_Limpios!D3:D62,A9) -> 12 | C9: =B9/SUM($B$5:$B$10) -> 0.2 | E9: Fallas Críticas | F9: =COUNTIF(Datos_Limpios!L3:L62,"CRÍTICA") -> 19 | H9: ROB-005 | I9: =COUNTIF(Datos_Limpios!C3:C62,H9) -> 8 | J9: =SUMIF(Datos_Limpios!C3:C62,H9,Datos_Limpios!G3:G62) -> 16236.09
A10: Hidráulica | B10: =COUNTIF(Datos_Limpios!D3:D62,A10) -> 10 | C10: =B10/SUM($B$5:$B$10) -> 0.16666667 | E10: Fallas de Alta Criticidad | F10: =COUNTIF(Datos_Limpios!L3:L62,"ALTA") -> 19 | H10: ROB-006 | I10: =COUNTIF(Datos_Limpios!C3:C62,H10) -> 4 | J10: =SUMIF(Datos_Limpios!C3:C62,H10,Datos_Limpios!G3:G62) -> 9537.53
B11: TOTAL | C11: =SUM(B5:B10) -> 60 | E11: Robot con más fallas | F11: =INDEX(Datos_Limpios!C3:C62,MATCH(MAX(COUNTIF(Datos_Limpios!C3:C62,Datos_Limpios!C3:C62)),COUNTIF(Datos_Limpios!C3:C62,Datos_Limpios!C3:C62),0)) -> ROB-004 | H11: ROB-007 | I11: =COUNTIF(Datos_Limpios!C3:C62,H11) -> 5 | J11: =SUMIF(Datos_Limpios!C3:C62,H11,Datos_Limpios!G3:G62) -> 12488.78
H12: ROB-008 | I12: =COUNTIF(Datos_Limpios!C3:C62,H12) -> 5 | J12: =SUMIF(Datos_Limpios!C3:C62,H12,Datos_Limpios!G3:G62) -> 9156.78

Sheet DASHBOARD
A1: 🔧 DASHBOARD DE MANTENIMIENTO PREDICTIVO | PLANTA MECATRÓNICA EAN
A3: Análisis con IA • Módulo 3 EAN • Ingeniería Mecatrónica 2024
A5: TOTAL FALLAS | E5: COSTO TOTAL | I5: HORAS PARO | M5: FALLAS CRÍTICAS
A6: =Análisis!F4 -> 60 | E6: =Análisis!F5 -> 111207.81 | I6: =Análisis!F7 -> 1483.6 | M6: =Análisis!F9 -> 19
A8: COSTO PROMEDIO | E8: PARO PROMEDIO (hrs)
A9: =Análisis!F6 -> 1853.4635 | E9: =Análisis!F8 -> 24.726667
A13: ANÁLISIS POR TIPO DE FALLA | J13: DISTRIBUCIÓN % DE FALLAS
A32: RESUMEN POR ROBOT
A33: Robot | B33: Fallas | C33: Costo Total | D33: Criticidad | E33: Estado
A34: ROB-001 | B34: =COUNTIF(Datos_Limpios!C3:C62,A34) -> 8 | C34: =SUMIF(Datos_Limpios!C3:C62,A34,Datos_Limpios!G3:G62) -> 13237.39 | D34: =IF(B34>8,"Alto",IF(B34>5,"Medio","Bajo")) -> Medio | E34: =IF(D34="Alto","⚠ Revisar",IF(D34="Medio","✓ Monitorear","✓ OK")) -> ✓ Monitorear
A35: ROB-002 | B35: =COUNTIF(Datos_Limpios!C3:C62,A35) -> 10 | C35: =SUMIF(Datos_Limpios!C3:C62,A35,Datos_Limpios!G3:G62) -> 19941.04 | D35: =IF(B35>8,"Alto",IF(B35>5,"Medio","Bajo")) -> Alto | E35: =IF(D35="Alto","⚠ Revisar",IF(D35="Medio","✓ Monitorear","✓ OK")) -> ⚠ Revisar
A36: ROB-003 | B36: =COUNTIF(Datos_Limpios!C3:C62,A36) -> 6 | C36: =SUMIF(Datos_Limpios!C3:C62,A36,Datos_Limpios!G3:G62) -> 10489.22 | D36: =IF(B36>8,"Alto",IF(B36>5,"Medio","Bajo")) -> Medio | E36: =IF(D36="Alto","⚠ Revisar",IF(D36="Medio","✓ Monitorear","✓ OK")) -> ✓ Monitorear
A37: ROB-004 | B37: =COUNTIF(Datos_Limpios!C3:C62,A37) -> 14 | C37: =SUMIF(Datos_Limpios!C3:C62,A37,Datos_Limpios!G3:G62) -> 20120.98 | D37: =IF(B37>8,"Alto",IF(B37>5,"Medio","Bajo")) -> Alto | E37: =IF(D37="Alto","⚠ Revisar",IF(D37="Medio","✓ Monitorear","✓ OK")) -> ⚠ Revisar
A38: ROB-005 | B38: =COUNTIF(Datos_Limpios!C3:C62,A38) -> 8 | C38: =SUMIF(Datos_Limpios!C3:C62,A38,Datos_Limpios!G3:G62) -> 16236.09 | D38: =IF(B38>8,"Alto",IF(B38>5,"Medio","Bajo")) -> Medio | E38: =IF(D38="Alto","⚠ Revisar",IF(D38="Medio","✓ Monitorear","✓ OK")) -> ✓ Monitorear
A39: ROB-006 | B39: =COUNTIF(Datos_Limpios!C3:C62,A39) -> 4 | C39: =SUMIF(Datos_Limpios!C3:C62,A39,Datos_Limpios!G3:G62) -> 9537.53 | D39: =IF(B39>8,"Alto",IF(B39>5,"Medio","Bajo")) -> Bajo | E39: =IF(D39="Alto","⚠ Revisar",IF(D39="Medio","✓ Monitorear","✓ OK")) -> ✓ OK
A40: ROB-007 | B40: =COUNTIF(Datos_Limpios!C3:C62,A40) -> 5 | C40: =SUMIF(Datos_Limpios!C3:C62,A40,Datos_Limpios!G3:G62) -> 12488.78 | D40: =IF(B40>8,"Alto",IF(B40>5,"Medio","Bajo")) -> Bajo | E40: =IF(D40="Alto","⚠ Revisar",IF(D40="Medio","✓ Monitorear","✓ OK")) -> ✓ OK
A41: ROB-008 | B41: =COUNTIF(Datos_Limpios!C3:C62,A41) -> 5 | C41: =SUMIF(Datos_Limpios!C3:C62,A41,Datos_Limpios!G3:G62) -> 9156.78 | D41: =IF(B41>8,"Alto",IF(B41>5,"Medio","Bajo")) -> Bajo | E41: =IF(D41="Alto","⚠ Revisar",IF(D41="Medio","✓ Monitorear","✓ OK")) -> ✓ OK

Sheet Instrucciones_IA
A1: INSTRUCCIONES DE USO CON IA (Copilot / Ideas)
A2: Herramienta | B2: Instrucción sugerida para IA
A3: Excel Ideas | B3: Selecciona rango Datos_Limpios!A2:L62 → Insertar → Ideas
A4: Copilot - Análisis | B4: 'Analiza las fallas más frecuentes por tipo y robot'
A5: Copilot - Gráfico | B5: 'Crea un gráfico de barras de fallas por mes del año 2024'
A6: Copilot - Fórmula | B6: 'Genera una fórmula para calcular el MTBF por robot'
A7: Copilot - Resumen | B7: 'Resume los robots con mayor costo de mantenimiento'
A8: Power Query | B8: Datos → Obtener datos → Desde tabla/rango → Limpiar
A9: Tabla Dinámica | B9: Insertar → Tabla dinámica → Datos_Limpios → Tipo vs Costo
A10: Segmentador | B10: Insertar → Segmentador de datos → Turno, Robot, Criticidad
A11: Formato Condicional | B11: Inicio → Formato condicional → Escala de color en costos
